[
  {
    "mod": "NM",
    "slot": "NM1",
    "skill": "Well-Rounded (Mid)",
    "stars": "5.0★",
    "title": "Aimer - Brave Shine (DJPop)",
    "url": "https://osu.ppy.sh/beatmapsets/262450#osu/597833"
  },
  {
    "mod": "NM",
    "slot": "NM2",
    "skill": "Well-Rounded (High)",
    "stars": "5.6★",
    "title": "xi - FREEDOM DiVE (Nakagawa-Kanon)",
    "url": "https://osu.ppy.sh/beatmapsets/255020#osu/586352"
  },
  {
    "mod": "NM",
    "slot": "NM3",
    "skill": "Aim",
    "stars": "5.8★",
    "title": "BlackY - Max Burning!! (Milan-)",
    "url": "https://osu.ppy.sh/beatmapsets/273835#osu/618637"
  },
  {
    "mod": "NM",
    "slot": "NM4",
    "skill": "Streams",
    "stars": "5.3★",
    "title": "R3 Music Box - Lost Emotion (Kalibe)",
    "url": "https://osu.ppy.sh/beatmapsets/1012856#osu/2119802"
  },
  {
    "mod": "NM",
    "slot": "NM5",
    "skill": "Speed",
    "stars": "5.7★",
    "title": "USAO - NIGHTMARE (RLC)",
    "url": "https://osu.ppy.sh/beatmapsets/682860#osu/1444483"
  },
  {
    "mod": "NM",
    "slot": "NM6",
    "skill": "Technical",
    "stars": "5.4★",
    "title": "Kaneko Chiharu - Magic Girl!! (Regou)",
    "url": "https://osu.ppy.sh/beatmapsets/765384#osu/1613689"
  },
  {
    "mod": "NM",
    "slot": "NM7",
    "skill": "Gimmick / AR8",
    "stars": "5.1★",
    "title": "S3RL - MTC (Natsu)",
    "url": "https://osu.ppy.sh/beatmapsets/725693#osu/1532023"
  },
  {
    "mod": "HD",
    "slot": "HD1",
    "skill": "Well-Rounded",
    "stars": "5.2★",
    "title": "rionos - Asphodelus (Doormat)",
    "url": "https://osu.ppy.sh/beatmapsets/582963#osu/1230754"
  },
  {
    "mod": "HD",
    "slot": "HD2",
    "skill": "Stream",
    "stars": "5.3★",
    "title": "xi - Parousia (Chippy)",
    "url": "https://osu.ppy.sh/beatmapsets/845696#osu/1769442"
  },
  {
    "mod": "HD",
    "slot": "HD3",
    "skill": "AR8 / Rhythm",
    "stars": "4.9★",
    "title": "Taishi - Evidence Against Me (xxdeathx)",
    "url": "https://osu.ppy.sh/beatmapsets/204759#osu/478859"
  },
  {
    "mod": "HR",
    "slot": "HR1",
    "skill": "Well-Rounded",
    "stars": "5.4★",
    "title": "EGOIST - Kabaneri of the Iron Fortress (Ezek)",
    "url": "https://osu.ppy.sh/beatmapsets/619115#osu/1308892"
  },
  {
    "mod": "HR",
    "slot": "HR2",
    "skill": "Accuracy / OD",
    "stars": "5.5★",
    "title": "Yooh - chemical cookie (Aia)",
    "url": "https://osu.ppy.sh/beatmapsets/542157#osu/1153417"
  },
  {
    "mod": "HR",
    "slot": "HR3",
    "skill": "CS6.5 / Tech",
    "stars": "5.7★",
    "title": "Yousei Teikoku - Kikai Shikake no Utopia (Andrea)",
    "url": "https://osu.ppy.sh/beatmapsets/607481#osu/1283332"
  },
  {
    "mod": "DT",
    "slot": "DT1",
    "skill": "Aim / Flow",
    "stars": "5.6★",
    "title": "KOTOKO - being (Kloyd)",
    "url": "https://osu.ppy.sh/beatmapsets/640458#osu/1357903"
  },
  {
    "mod": "DT",
    "slot": "DT2",
    "skill": "Speed",
    "stars": "5.9★",
    "title": "lapix - Dot Matrix (SMOKELIND)",
    "url": "https://osu.ppy.sh/beatmapsets/896211#osu/1874913"
  },
  {
    "mod": "DT",
    "slot": "DT3",
    "skill": "Rhythm / Control",
    "stars": "5.3★",
    "title": "Lite Show Magic - Shape of You (Doormat)",
    "url": "https://osu.ppy.sh/beatmapsets/650953#osu/1379294"
  },
  {
    "mod": "FM",
    "slot": "FM1",
    "skill": "Safe Hybrid",
    "stars": "5.3★",
    "title": "Jin ft. MARiA - daze (Natsu)",
    "url": "https://osu.ppy.sh/beatmapsets/834515#osu/1747783"
  },
  {
    "mod": "FM",
    "slot": "FM2",
    "skill": "AR8 / CS5 Strategy",
    "stars": "5.1★",
    "title": "MuryokuP - Shi no Ato (rEdo)",
    "url": "https://osu.ppy.sh/beatmapsets/307202#osu/684685"
  },
  {
    "mod": "FM",
    "slot": "FM3",
    "skill": "Slider / Reading",
    "stars": "5.4★",
    "title": "Igorrr - Opus Brain (Mirash)",
    "url": "https://osu.ppy.sh/beatmapsets/835206#osu/1749317"
  },
  {
    "mod": "TB",
    "slot": "TB1",
    "skill": "Balanced Multi-Skill",
    "stars": "5.7★",
    "title": "Halozy - Genryuu Kaiko (Kloyd)",
    "url": "https://osu.ppy.sh/beatmapsets/579177#osu/1224167"
  }
]